hashtag,freq
#pasocial,4018
#1dit,261
#inmente,164
#pa,131
#socialmediamanager,126
#periscope,89
#socialmedia,88
#terremoto,88
#whenwewereyoung,87
#amicicasting,85
#socialprociv,85
#ioetalks,79
#idonei,74
#storytelling,74
#twitter,64
#francescamichielinblueroom,63
#social,56
#tt,55
#comunicazione,54
#assunzione,50
#trndnl,50
#vincitori,50
#coffeebreakla7,48
#6yearsofmyworld,47
#protezionecivile,45
#marche,42
#roma,42
#savethedate,38
#ricambiogenerazionale,37
#twittamibeautiful,34
#matera2019,32
#p,28
#facebook,27
#smm,27
#webtt,27
#pasoci,23
#news,22
#socialnetwork,22
#pubblicaamministrazione,21
#trends,21
#nonstopnews,20
#opendata,20
#pas,20
#expo2015,18
#italiasicura,18
#postiglione,18
#concorsi,17
#infografiche,16
#pasoc,16
#save,16
#mt2019,15
#openmipaaf,15
#turismo,15
#belgiospagna,14
#urp,14
#visitromachigipalace,14
#startup,13
#idone,12
#parisattacks,12
#formazione,11
#ido,11
#idon,11
#lavoro,11
#opencamera,11
#visitveneto,11
#expoidee,10
#google,10
#iononrischio,10
#italiandigitalday,10
#mipaaf,10
#parigi,10
#pasocia,10
#socialmediapolicy,10
#curcio,9
#italia,9
#opentoscana,9
#paso,9
#tpl,9
#visitorcity,9
#cnrsocial,8
#cultura,8
#dirigentiabagnomaria,8
#mibactsocial,8
#minutodisilenzio,8
#miur,8
#protciv,8
#socialpa,8
#trentino,8
#whatsapp,8
#5,7
#agenda,7
#brescia,7
#cameraincontri,7
#instagram,7
#ioabitoisocial,7
#madeinitaly,7
#opancamera,7
#pubblica,7
#scuoladigitale,7
#storiaditalia,7
#trieste,7
#wikicamera,7
#battagliediunavita,6
#billofrights,6
#bologna,6
#buongiorno,6
#ilcoraggiodi,6
#locomotiva,6
#matera,6
#mipaff,6
#origami,6
#portamateranel2019,6
#socialmediastrategy,6
#toneofvoice,6
#visitorsroma,6
#visitorsromachigipalace,6
#wase,6
#8museigratis,5
#europa,5
#fontanaditrevi,5
#isiseuropa,5
#istituzioni,5
#minamb,5
#sapevatelo,5
#smartcity,5
#staytuned,5
#streetart,5
#strumenti,5
#tonodivoce,5
#visibilità,5
#abbanoa,4
#adayin,4
#anm,4
#ascolto,4
#benchmark,4
#buonascuola,4
#buonepratiche,4
#cameradeideputati,4
#coderdojo,4
#comunicazionepolitica,4
#daje,4
#disit,4
#economia,4
#fb,4
#iloveinstagram,4
#infografica,4
#labuonascuola,4
#longform,4
#mattinieri,4
#mtvstars,4
#potenzialità,4
#prato,4
#reply,4
#senso,4
#smm15,4
#socialmediamarketing,4
#thenbhdinitaly,4
#veneto,4
#anci,3
#arezzo,3
#argomenti,3
#bestpractices,3
#bononlau,3
#buoneprassi,3
#campolibero,3
#caring,3
#civilservant,3
#community,3
#customercare,3
#dpc,3
#epicfail,3
#etichettatura,3
#faceebook,3
#fiducia,3
#fonti,3
#fvg,3
#giornalismo,3
#immagini,3
#influencer,3
#innovazione,3
#instantmessagging,3
#internet,3
#intoscana,3
#med,3
#media,3
#messinasenzac,3
#mib,3
#miursocial,3
#paottimisti,3
#piemonte,3
#pourteouverte,3
#ricerca,3
#roundtable,3
#servelaciccia,3
#servizi,3
#sipuòfare,3
#snpa,3
#so,3
#soci,3
#socialmediaman,3
#sonicyouth,3
#st,3
#story,3
#tellingstories,3
#toscana,3
#trasparenza,3
#video,3
#vis,3
#wikipedi,3
#berlusconi,2
#bresciamobilita,2
#cittadino,2
#cloud,2
#digitale,2
#firenze,2
#fondiue,2
#gentilezza,2
#greenjobs,2
#iot,2
#m,2
#morandi,2
#omnichannel,2
#opparis,2
#parma,2
#pizzarotti,2
#porteouverte,2
#proudtobeacivils,2
#pubblicamministrazione,2
#questemail,2
#renzi,2
#rome,2
#sandrogiorgetti,2
#slideshare,2
#smemchatit,2
#socialcheck,2
#socialmediam,2
#sorpresa,2
#storify,2
#teammontecitorio,2
#telegram,2
#twitterplurale,2
#uffa,2
#vadodifretta,2
#visitabruzzo,2
#visitmateracultcapital2019,2
#visitorcityfounder,2
#visitromachigipalac,2
#visitromasocial,2
#visitromatrevifontana,2
#w,2
#youtube,2
#18nov,1
#1dph,1
#3,1
#acquisto,1
#adayinrome,1
#afterlunch,1
#agid,1
#alfabetizzazione,1
#alluvionesannio,1
#assegnazione,1
#aziendale,1
#belleenergie,1
#bibbia,1
#calcio,1
#charliesheen,1
#chelavorofaccio,1
#cnrexpo,1
#coderdaje,1
#comunicatori,1
#comunicazionepubblica,1
#contest,1
#crowdfounding,1
#digital,1
#disseminazione,1
#dj,1
#dlgs33,1
#elio,1
#engagement,1
#erp,1
#europe,1
#expo,1
#export,1
#expottimista,1
#finance,1
#forseèsololafame,1
#genovamorethanthis,1
#gestionale,1
#gestione,1
#gi,1
#giovani,1
#goodnews,1
#gotham,1
#gricia,1
#gse,1
#haylor,1
#ict,1
#import,1
#info,1
#isolare,1
#italy,1
#jamsession,1
#lazio,1
#legge,1
#leimmaginisonoimportanti,1
#lilo,1
#live,1
#manager,1
#maremma,1
#mediterraneo,1
#messinasenzacqua,1
#milan,1
#milano,1
#minimumwage,1
#mistermediablog,1
#misuriamoirisultati,1
#moarriva,1
#mobile,1
#montecitorio,1
#muoversintoscana,1
#non,1
#nonessereperplesso,1
#nuova150,1
#nuovacomunicazione,1
#okey,1
#opencrpiemonte,1
#pabudget,1
#paris,1
#people,1
#piuinfooo,1
#pontrandolfi,1
#pota,1
#precari,1
#preparateicv,1
#primarepubblica,1
#proudtobeacivilservant,1
#puglia2015,1
#research,1
#resilienza,1
#rete,1
#rischiovetrina,1
#romatre,1
#rtsempreecomunque,1
#russian,1
#sdc,1
#seriea,1
#serieb,1
#sharm,1
#sinai,1
#sischerza,1
#sleep,1
#socialmediaphantom,1
#socialmediapower,1
#socialmediastrategist,1
#socialmediatips,1
#sociaprociv,1
#software,1
#sport,1
#stabilità,1
#staiserena,1
#strategy,1
#tablet,1
#tech,1
#tecnologia,1
#titti,1
#top3apps,1
#topdj,1
#trappole,1
#tucheseisocial,1
#tv,1
#umarells,1
#vendita,1
#verdeurbano,1
#viabilità,1
#visitlazio,1
#web,1
#wikipedia,1
#xf9,1
#youtuber,1
